{"cameraMode":{"drawMode":0,"name":"Shaded","section":"Shading Mode"},"sceneLighting":false,"audioPlay":false,"sceneViewState":{"m_AlwaysRefresh":false,"showFog":true,"showSkybox":false,"showFlares":true,"showImageEffects":true,"showParticleSystems":true,"showVisualEffectGraphs":true,"m_FxEnabled":true},"in2DMode":false,"pivot":{"x":0.12731020152568818,"y":-22.190000534057618,"z":-1.7299995422363282},"rotation":{"x":0.017783666029572488,"y":0.8976170420646668,"z":-0.03637489303946495,"w":0.4389209449291229},"size":0.057422421872615817,"orthographic":true}