{"cameraMode":{"drawMode":0,"name":"Shaded","section":"Shading Mode"},"sceneLighting":false,"audioPlay":false,"sceneViewState":{"m_AlwaysRefresh":false,"showFog":true,"showSkybox":false,"showFlares":true,"showImageEffects":true,"showParticleSystems":true,"showVisualEffectGraphs":true,"m_FxEnabled":true},"in2DMode":false,"pivot":{"x":0.21799197793006898,"y":0.4843585193157196,"z":0.2999255955219269},"rotation":{"x":-0.03475325554609299,"y":0.5606729984283447,"z":-0.023562116548419,"w":-0.8269716501235962},"size":0.5869907140731812,"orthographic":true}