{"cameraMode":{"drawMode":0,"name":"Shaded","section":"Shading Mode"},"sceneLighting":false,"audioPlay":false,"sceneViewState":{"m_AlwaysRefresh":false,"showFog":true,"showSkybox":false,"showFlares":true,"showImageEffects":true,"showParticleSystems":true,"showVisualEffectGraphs":true,"m_FxEnabled":true},"in2DMode":false,"pivot":{"x":0.03101317584514618,"y":0.6349681615829468,"z":0.6365744471549988},"rotation":{"x":0.03980756178498268,"y":0.9336321353912354,"z":-0.10973662883043289,"w":0.3386872410774231},"size":1.3469994068145753,"orthographic":true}