{"cameraMode":{"drawMode":0,"name":"Shaded","section":"Shading Mode"},"sceneLighting":false,"audioPlay":false,"sceneViewState":{"m_AlwaysRefresh":false,"showFog":true,"showSkybox":false,"showFlares":true,"showImageEffects":true,"showParticleSystems":true,"showVisualEffectGraphs":true,"m_FxEnabled":true},"in2DMode":false,"pivot":{"x":3.377136707305908,"y":0.012018494307994843,"z":-6.376302719116211},"rotation":{"x":-0.003754671663045883,"y":0.5511893630027771,"z":0.002480574417859316,"w":0.8343678116798401},"size":1.5561680793762208,"orthographic":true}