{"cameraMode":{"drawMode":0,"name":"Shaded","section":"Shading Mode"},"sceneLighting":false,"audioPlay":false,"sceneViewState":{"m_AlwaysRefresh":false,"showFog":true,"showSkybox":false,"showFlares":true,"showImageEffects":true,"showParticleSystems":true,"showVisualEffectGraphs":true,"m_FxEnabled":true},"in2DMode":false,"pivot":{"x":-0.3471074104309082,"y":0.29088425636291506,"z":-0.7908267974853516},"rotation":{"x":-0.11816190928220749,"y":-0.7693853378295898,"z":0.14908382296562196,"w":-0.6098043322563171},"size":0.24494898319244386,"orthographic":true}