{"cameraMode":{"drawMode":0,"name":"Shaded","section":"Shading Mode"},"sceneLighting":false,"audioPlay":false,"sceneViewState":{"m_AlwaysRefresh":false,"showFog":true,"showSkybox":false,"showFlares":true,"showImageEffects":true,"showParticleSystems":true,"showVisualEffectGraphs":true,"m_FxEnabled":true},"in2DMode":false,"pivot":{"x":-1.8690247535705567,"y":0.545744001865387,"z":-2.732225179672241},"rotation":{"x":0.005622341763228178,"y":0.9938045144081116,"z":-0.05969993397593498,"w":0.09359156340360642},"size":1.4618268013000489,"orthographic":true}