{"cameraMode":{"drawMode":0,"name":"Shaded","section":"Shading Mode"},"sceneLighting":false,"audioPlay":false,"sceneViewState":{"m_AlwaysRefresh":false,"showFog":true,"showSkybox":false,"showFlares":true,"showImageEffects":true,"showParticleSystems":true,"showVisualEffectGraphs":true,"m_FxEnabled":true},"in2DMode":false,"pivot":{"x":-1.1175870895385743e-8,"y":-7.450580596923828e-9,"z":-3.725290298461914e-9},"rotation":{"x":0.1958567500114441,"y":0.14965975284576417,"z":-0.030257845297455789,"w":0.9686789512634277},"size":0.1964959055185318,"orthographic":true}