{"cameraMode":{"drawMode":0,"name":"Shaded","section":"Shading Mode"},"sceneLighting":false,"audioPlay":false,"sceneViewState":{"m_AlwaysRefresh":false,"showFog":true,"showSkybox":false,"showFlares":true,"showImageEffects":true,"showParticleSystems":true,"showVisualEffectGraphs":true,"m_FxEnabled":true},"in2DMode":false,"pivot":{"x":-0.059152811765670779,"y":0.36655136942863467,"z":-0.032049331814050677},"rotation":{"x":-0.023978663608431817,"y":0.9519491195678711,"z":-0.07727710902690888,"w":-0.2953993082046509},"size":0.3288145065307617,"orthographic":true}