{"cameraMode":{"drawMode":0,"name":"Shaded","section":"Shading Mode"},"sceneLighting":false,"audioPlay":false,"sceneViewState":{"m_AlwaysRefresh":false,"showFog":true,"showSkybox":false,"showFlares":true,"showImageEffects":true,"showParticleSystems":true,"showVisualEffectGraphs":true,"m_FxEnabled":true},"in2DMode":false,"pivot":{"x":0.644561767578125,"y":-0.12699007987976075,"z":0.16476571559906007},"rotation":{"x":-0.04461589455604553,"y":0.9553644061088562,"z":-0.20962905883789063,"w":-0.20333294570446015},"size":2.1444313526153566,"orthographic":true}