{"cameraMode":{"drawMode":0,"name":"Shaded","section":"Shading Mode"},"sceneLighting":false,"audioPlay":false,"sceneViewState":{"m_AlwaysRefresh":false,"showFog":true,"showSkybox":false,"showFlares":true,"showImageEffects":true,"showParticleSystems":true,"showVisualEffectGraphs":true,"m_FxEnabled":true},"in2DMode":false,"pivot":{"x":0.16682742536067964,"y":0.03692704439163208,"z":0.7342117428779602},"rotation":{"x":0.0000742624542908743,"y":0.999854564666748,"z":0.01649913564324379,"w":-0.004499349743127823},"size":0.41670772433280947,"orthographic":true}