{"cameraMode":{"drawMode":0,"name":"Shaded","section":"Shading Mode"},"sceneLighting":false,"audioPlay":false,"sceneViewState":{"m_AlwaysRefresh":false,"showFog":true,"showSkybox":false,"showFlares":true,"showImageEffects":true,"showParticleSystems":true,"showVisualEffectGraphs":true,"m_FxEnabled":true},"in2DMode":false,"pivot":{"x":0.16682742536067964,"y":0.03692704439163208,"z":0.7342117428779602},"rotation":{"x":-0.0013046450912952424,"y":0.989395260810852,"z":-0.008904765360057354,"w":-0.14498178660869599},"size":0.37037262320518496,"orthographic":true}