{"cameraMode":{"drawMode":0,"name":"Shaded","section":"Shading Mode"},"sceneLighting":false,"audioPlay":false,"sceneViewState":{"m_AlwaysRefresh":false,"showFog":true,"showSkybox":false,"showFlares":true,"showImageEffects":true,"showParticleSystems":true,"showVisualEffectGraphs":true,"m_FxEnabled":true},"in2DMode":false,"pivot":{"x":-1.619999885559082,"y":0.9139986038208008,"z":3.1339988708496095},"rotation":{"x":0.09549539536237717,"y":0.23365531861782075,"z":-0.023061227053403856,"w":0.967356264591217},"size":2.819422483444214,"orthographic":true}