{"cameraMode":{"drawMode":0,"name":"Shaded","section":"Shading Mode"},"sceneLighting":false,"audioPlay":false,"sceneViewState":{"m_AlwaysRefresh":false,"showFog":true,"showSkybox":false,"showFlares":true,"showImageEffects":true,"showParticleSystems":true,"showVisualEffectGraphs":true,"m_FxEnabled":true},"in2DMode":false,"pivot":{"x":0.03744029998779297,"y":10.02651309967041,"z":-0.7495031356811523},"rotation":{"x":0.24056367576122285,"y":-0.7423002123832703,"z":0.34034326672554018,"w":0.5246812105178833},"size":13.346545219421387,"orthographic":true}