{"cameraMode":{"drawMode":0,"name":"Shaded","section":"Shading Mode"},"sceneLighting":true,"audioPlay":false,"sceneViewState":{"m_AlwaysRefresh":false,"showFog":true,"showSkybox":true,"showFlares":true,"showImageEffects":true,"showParticleSystems":true,"showVisualEffectGraphs":true,"m_FxEnabled":true},"in2DMode":false,"pivot":{"x":-5.302295684814453,"y":0.4999999403953552,"z":0.7166614532470703},"rotation":{"x":0.1967661827802658,"y":-0.6322821974754334,"z":0.17050957679748536,"w":0.7296937704086304},"size":0.39417675137519839,"orthographic":true}