{"cameraMode":{"drawMode":0,"name":"Shaded","section":"Shading Mode"},"sceneLighting":true,"audioPlay":false,"sceneViewState":{"m_AlwaysRefresh":false,"showFog":true,"showSkybox":true,"showFlares":true,"showImageEffects":true,"showParticleSystems":true,"showVisualEffectGraphs":true,"m_FxEnabled":true},"in2DMode":false,"pivot":{"x":-0.10489515960216522,"y":0.583407461643219,"z":8.780879974365235},"rotation":{"x":0.28093111515045168,"y":-0.03858036920428276,"z":0.011304252780973912,"w":0.9588911533355713},"size":6.193080902099609,"orthographic":true}