{"cameraMode":{"drawMode":0,"name":"Shaded","section":"Shading Mode"},"sceneLighting":true,"audioPlay":false,"sceneViewState":{"m_AlwaysRefresh":false,"showFog":true,"showSkybox":true,"showFlares":true,"showImageEffects":true,"showParticleSystems":true,"showVisualEffectGraphs":true,"m_FxEnabled":true},"in2DMode":false,"pivot":{"x":-9.264222145080567,"y":2.230541944503784,"z":9.453939437866211},"rotation":{"x":0.061065513640642169,"y":0.9351272583007813,"z":-0.19931553304195405,"w":0.28650084137916567},"size":5.235012531280518,"orthographic":true}