{"cameraMode":{"drawMode":0,"name":"Shaded","section":"Shading Mode"},"sceneLighting":true,"audioPlay":false,"sceneViewState":{"m_AlwaysRefresh":false,"showFog":true,"showSkybox":true,"showFlares":true,"showImageEffects":true,"showParticleSystems":true,"showVisualEffectGraphs":true,"m_FxEnabled":true},"in2DMode":false,"pivot":{"x":1.7881393432617188e-7,"y":0.8562146425247192,"z":0.040228307247161868},"rotation":{"x":-0.03274798020720482,"y":0.9101465940475464,"z":-0.40644583106040957,"w":-0.0733221098780632},"size":0.5078210234642029,"orthographic":true}