{"cameraMode":{"drawMode":0,"name":"Shaded","section":"Shading Mode"},"sceneLighting":true,"audioPlay":false,"sceneViewState":{"m_AlwaysRefresh":false,"showFog":true,"showSkybox":true,"showFlares":true,"showImageEffects":true,"showParticleSystems":true,"showVisualEffectGraphs":true,"m_FxEnabled":true},"in2DMode":false,"pivot":{"x":-5.039999961853027,"y":0.7599999308586121,"z":1.0799999237060547},"rotation":{"x":0.1967661827802658,"y":-0.6322821974754334,"z":0.17050957679748536,"w":0.7296937704086304},"size":0.36557117104530337,"orthographic":true}