{"cameraMode":{"drawMode":0,"name":"Shaded","section":"Shading Mode"},"sceneLighting":true,"audioPlay":false,"sceneViewState":{"m_AlwaysRefresh":false,"showFog":true,"showSkybox":true,"showFlares":true,"showImageEffects":true,"showParticleSystems":true,"showVisualEffectGraphs":true,"m_FxEnabled":true},"in2DMode":false,"pivot":{"x":-7.822939872741699,"y":-10.901244163513184,"z":4.504331111907959},"rotation":{"x":0.0034377779811620714,"y":-0.9964632987976074,"z":0.05176086351275444,"w":0.0661587342619896},"size":2.186835765838623,"orthographic":true}