{"cameraMode":{"drawMode":0,"name":"Shaded","section":"Shading Mode"},"sceneLighting":true,"audioPlay":false,"sceneViewState":{"m_AlwaysRefresh":false,"showFog":true,"showSkybox":true,"showFlares":true,"showImageEffects":true,"showParticleSystems":true,"showVisualEffectGraphs":true,"m_FxEnabled":true},"in2DMode":false,"pivot":{"x":427.00274658203127,"y":574.6524658203125,"z":-134.3090057373047},"rotation":{"x":0.18419486284255982,"y":-0.4020390808582306,"z":0.08292457461357117,"w":0.8930749893188477},"size":119.94486999511719,"orthographic":true}