{"cameraMode":{"drawMode":0,"name":"Shaded","section":"Shading Mode"},"sceneLighting":true,"audioPlay":false,"sceneViewState":{"m_AlwaysRefresh":false,"showFog":true,"showSkybox":true,"showFlares":true,"showImageEffects":true,"showParticleSystems":true,"showVisualEffectGraphs":true,"m_FxEnabled":true},"in2DMode":false,"pivot":{"x":-1.1799993515014649,"y":-8.88599967956543,"z":1.4459991455078126},"rotation":{"x":0.08728134632110596,"y":0.6887179613113403,"z":-0.08409372717142105,"w":0.7148298621177673},"size":12.142377853393555,"orthographic":true}