{"cameraMode":{"drawMode":0,"name":"Shaded","section":"Shading Mode"},"sceneLighting":true,"audioPlay":false,"sceneViewState":{"m_AlwaysRefresh":false,"showFog":true,"showSkybox":true,"showFlares":true,"showImageEffects":true,"showParticleSystems":true,"showVisualEffectGraphs":true,"m_FxEnabled":true},"in2DMode":false,"pivot":{"x":1.3631428480148316,"y":0.22276797890663148,"z":-0.19297969341278077},"rotation":{"x":0.14760608971118928,"y":0.17700336873531342,"z":-0.02685972861945629,"w":0.9727104306221008},"size":7.950831890106201,"orthographic":true}