{"cameraMode":{"drawMode":0,"name":"Shaded","section":"Shading Mode"},"sceneLighting":true,"audioPlay":false,"sceneViewState":{"m_AlwaysRefresh":false,"showFog":true,"showSkybox":true,"showFlares":true,"showImageEffects":true,"showParticleSystems":true,"showVisualEffectGraphs":true,"m_FxEnabled":true},"in2DMode":false,"pivot":{"x":-0.4485607147216797,"y":0.45828676223754885,"z":-1.2745113372802735},"rotation":{"x":0.1107945442199707,"y":0.8151400685310364,"z":-0.16608627140522004,"w":0.5437719225883484},"size":10.508502006530762,"orthographic":true}