{"cameraMode":{"drawMode":0,"name":"Shaded","section":"Shading Mode"},"sceneLighting":true,"audioPlay":false,"sceneViewState":{"m_AlwaysRefresh":false,"showFog":true,"showSkybox":true,"showFlares":true,"showImageEffects":true,"showParticleSystems":true,"showVisualEffectGraphs":true,"m_FxEnabled":true},"in2DMode":false,"pivot":{"x":3.847804546356201,"y":-17.426198959350587,"z":3.9228758811950685},"rotation":{"x":0.0014735095901414753,"y":0.9984562397003174,"z":-0.04496166482567787,"w":0.032971009612083438},"size":4.041755676269531,"orthographic":true}