{"cameraMode":{"drawMode":0,"name":"Shaded","section":"Shading Mode"},"sceneLighting":true,"audioPlay":false,"sceneViewState":{"m_AlwaysRefresh":false,"showFog":true,"showSkybox":true,"showFlares":true,"showImageEffects":true,"showParticleSystems":true,"showVisualEffectGraphs":true,"m_FxEnabled":true},"in2DMode":false,"pivot":{"x":-1.399999976158142,"y":0.6700000166893005,"z":2.2899999618530275},"rotation":{"x":-0.007878138683736325,"y":0.9883402585983276,"z":-0.14179974794387818,"w":-0.05490928515791893},"size":10.934290885925293,"orthographic":true}