{"cameraMode":{"drawMode":0,"name":"Shaded","section":"Shading Mode"},"sceneLighting":true,"audioPlay":false,"sceneViewState":{"m_AlwaysRefresh":false,"showFog":true,"showSkybox":true,"showFlares":true,"showImageEffects":true,"showParticleSystems":true,"showVisualEffectGraphs":true,"m_FxEnabled":true},"in2DMode":false,"pivot":{"x":-1.862645149230957e-9,"y":-1.840000033378601,"z":-1.7300000190734864},"rotation":{"x":0.017444023862481118,"y":0.9305317401885986,"z":-0.0446983203291893,"w":0.36307138204574587},"size":24.55124282836914,"orthographic":true}