{"cameraMode":{"drawMode":0,"name":"Shaded","section":"Shading Mode"},"sceneLighting":true,"audioPlay":false,"sceneViewState":{"m_AlwaysRefresh":false,"showFog":true,"showSkybox":true,"showFlares":true,"showImageEffects":true,"showParticleSystems":true,"showVisualEffectGraphs":true,"m_FxEnabled":true},"in2DMode":false,"pivot":{"x":-1.778976321220398,"y":1.3653526306152344,"z":2.6233127117156984},"rotation":{"x":-0.008745910599827767,"y":-0.9879540801048279,"z":0.0608360581099987,"w":-0.14203378558158875},"size":1.6238453388214112,"orthographic":true}