{"cameraMode":{"drawMode":0,"name":"Shaded","section":"Shading Mode"},"sceneLighting":true,"audioPlay":false,"sceneViewState":{"m_AlwaysRefresh":false,"showFog":true,"showSkybox":true,"showFlares":true,"showImageEffects":true,"showParticleSystems":true,"showVisualEffectGraphs":true,"m_FxEnabled":true},"in2DMode":false,"pivot":{"x":-1.6200006008148194,"y":1.2540006637573243,"z":3.134000778198242},"rotation":{"x":-0.24069108068943025,"y":-0.48915374279022219,"z":0.14251302182674409,"w":-0.8261284828186035},"size":12.12435531616211,"orthographic":true}