{"cameraMode":{"drawMode":0,"name":"Shaded","section":"Shading Mode"},"sceneLighting":true,"audioPlay":false,"sceneViewState":{"m_AlwaysRefresh":false,"showFog":true,"showSkybox":true,"showFlares":true,"showImageEffects":true,"showParticleSystems":true,"showVisualEffectGraphs":true,"m_FxEnabled":true},"in2DMode":false,"pivot":{"x":-1.152890682220459,"y":0.7848187685012817,"z":1.954785704612732},"rotation":{"x":0.020530588924884797,"y":-0.209880530834198,"z":0.0044081187807023529,"w":0.9775015115737915},"size":0.6313563585281372,"orthographic":true}