{"cameraMode":{"drawMode":0,"name":"Shaded","section":"Shading Mode"},"sceneLighting":true,"audioPlay":false,"sceneViewState":{"m_AlwaysRefresh":false,"showFog":true,"showSkybox":true,"showFlares":true,"showImageEffects":true,"showParticleSystems":true,"showVisualEffectGraphs":true,"m_FxEnabled":true},"in2DMode":false,"pivot":{"x":2.679598569869995,"y":-3.470440626144409,"z":0.42192575335502627},"rotation":{"x":0.1253107637166977,"y":-0.26732906699180605,"z":0.03508583828806877,"w":0.9547784328460693},"size":11.136204719543457,"orthographic":true}