{"cameraMode":{"drawMode":0,"name":"Shaded","section":"Shading Mode"},"sceneLighting":true,"audioPlay":false,"sceneViewState":{"m_AlwaysRefresh":false,"showFog":true,"showSkybox":true,"showFlares":true,"showImageEffects":true,"showParticleSystems":true,"showVisualEffectGraphs":true,"m_FxEnabled":true},"in2DMode":false,"pivot":{"x":-1.6200006008148194,"y":0.8202404975891113,"z":2.8716001510620119},"rotation":{"x":0.048852939158678058,"y":-0.15844851732254029,"z":0.007850893773138523,"w":0.9861321449279785},"size":0.6091304421424866,"orthographic":true}