{"cameraMode":{"drawMode":0,"name":"Shaded","section":"Shading Mode"},"sceneLighting":true,"audioPlay":false,"sceneViewState":{"m_AlwaysRefresh":false,"showFog":true,"showSkybox":true,"showFlares":true,"showImageEffects":true,"showParticleSystems":true,"showVisualEffectGraphs":true,"m_FxEnabled":true},"in2DMode":false,"pivot":{"x":-2.6886038780212404,"y":-0.16608832776546479,"z":1.1451891660690308},"rotation":{"x":0.12130818516016007,"y":0.7684358358383179,"z":-0.1529814600944519,"w":0.609437108039856},"size":6.784520149230957,"orthographic":true}