{"cameraMode":{"drawMode":0,"name":"Shaded","section":"Shading Mode"},"sceneLighting":true,"audioPlay":false,"sceneViewState":{"m_AlwaysRefresh":false,"showFog":true,"showSkybox":true,"showFlares":true,"showImageEffects":true,"showParticleSystems":true,"showVisualEffectGraphs":true,"m_FxEnabled":true},"in2DMode":false,"pivot":{"x":937.5079345703125,"y":583.8295288085938,"z":8.552796363830567},"rotation":{"x":-0.0014998631086200476,"y":-0.013499577529728413,"z":-0.000020249392036930658,"w":0.9999078512191773},"size":698.1596069335938,"orthographic":true}