{"cameraMode":{"drawMode":0,"name":"Shaded","section":"Shading Mode"},"sceneLighting":false,"audioPlay":false,"sceneViewState":{"m_AlwaysRefresh":false,"showFog":true,"showSkybox":false,"showFlares":true,"showImageEffects":true,"showParticleSystems":true,"showVisualEffectGraphs":true,"m_FxEnabled":true},"in2DMode":false,"pivot":{"x":-3.3031537532806398,"y":-0.0362766832113266,"z":-2.3560009002685549},"rotation":{"x":-0.09084082394838333,"y":0.6188041567802429,"z":-0.07235686480998993,"w":-0.7769185900688171},"size":0.8781365752220154,"orthographic":true}