{"cameraMode":{"drawMode":0,"name":"Shaded","section":"Shading Mode"},"sceneLighting":false,"audioPlay":false,"sceneViewState":{"m_AlwaysRefresh":false,"showFog":true,"showSkybox":false,"showFlares":true,"showImageEffects":true,"showParticleSystems":true,"showVisualEffectGraphs":true,"m_FxEnabled":true},"in2DMode":false,"pivot":{"x":1.1213417053222657,"y":1.0250012874603272,"z":2.1127185821533205},"rotation":{"x":0.05182440206408501,"y":0.6385459303855896,"z":-0.043169934302568439,"w":0.7666270136833191},"size":1.292648434638977,"orthographic":true}