{"cameraMode":{"drawMode":0,"name":"Shaded","section":"Shading Mode"},"sceneLighting":false,"audioPlay":false,"sceneViewState":{"m_AlwaysRefresh":false,"showFog":true,"showSkybox":false,"showFlares":true,"showImageEffects":true,"showParticleSystems":true,"showVisualEffectGraphs":true,"m_FxEnabled":true},"in2DMode":false,"pivot":{"x":-0.00215071439743042,"y":0.21747151017189027,"z":0.025538921356201173},"rotation":{"x":0.2730507552623749,"y":-0.39931607246398928,"z":0.12588953971862794,"w":0.866113543510437},"size":1.5166270732879639,"orthographic":true}